Date received,Product,Sub-product,Issue,Sub-issue,Consumer complaint narrative,Company public response,Company,State,ZIP code,Tags,Consumer consent provided?,Submitted via,Date sent to company,Company response to consumer,Timely response?,Consumer disputed?,Complaint ID
2023-01-24,Credit reporting or other personal consumer reports,Credit reporting,Fraud or scam,,Someone opened an account in my name without my permission and I never applied for it. This is identity theft and I want the account removed.,Company has responded to the consumer and the CFPB and chooses not to provide a public response,NORTHWIND FINANCIAL LLC,CA,381XX,Older American,Consent provided,Web,2023-04-05,Untimely response,No,,7100344
2023-11-24,Credit card or prepaid card,General-purpose credit card or charge card,Fees or interest,Problem with fees,I was charged twice for the same monthly payment and the duplicate charge has not been refunded after several weeks.,Company has responded to the consumer and the CFPB and chooses not to provide a public response,Lakeside Credit Union,TX,658XX,,Consent provided,Phone,2023-10-14,Closed with explanation,Yes,,7100738
2023-02-07,Checking or savings account,Checking account,Closing an account,Can't close your account,I cannot log in to my online account. The password reset link never arrives and I am locked out of my own records.,Company has responded to the consumer and the CFPB and chooses not to provide a public response,ATLAS SERVICING CO.,FL,338XX,,Consent provided,Referral,2025-10-01,Closed with explanation,Yes,,7100771
2023-12-21,Mortgage,Conventional home mortgage,Incorrect information on your report,Account information incorrect,I submitted the same paperwork three times and they still claim the documents were never received for verification.,Company has responded to the consumer and the CFPB and chooses not to provide a public response,Brightline Bank N.A.,NY,818XX,,Consent provided,Postal mail,2025-07-08,Closed with explanation,Yes,,7101075
2025-05-26,Debt collection,Credit card debt,Communication tactics,Frequent or repeated calls,No one has called me back after four messages. The representative promised a supervisor would follow up and nobody did.,Company has responded to the consumer and the CFPB and chooses not to provide a public response,MERIDIAN RECOVERY GROUP,IL,990XX,,Consent provided,Web,2023-03-23,Closed with explanation,Yes,,7101321
2024-05-05,Debt collection,Other debt,Took or threatened to take negative or legal action,,The collector threatened legal action and said they would take me to court over a debt that I do not owe.,Company has responded to the consumer and the CFPB and chooses not to provide a public response,Cobblestone Mortgage Inc.,OH,320XX,Older American,Consent provided,Phone,2024-02-03,Closed with explanation,Yes,,7101554
2023-06-28,Credit reporting or other personal consumer reports,Credit reporting,Fraud or scam,,I found an unauthorized transaction on my statement for a purchase I did not make. I believe my card was stolen and used fraudulently.,Company has responded to the consumer and the CFPB and chooses not to provide a public response,NORTHWIND FINANCIAL LLC,GA,452XX,,Consent provided,Referral,2025-05-26,Closed with explanation,No,,7101765
2025-08-18,Credit card or prepaid card,General-purpose credit card or charge card,Unauthorized transactions or other transaction problem,,They added a late fee even though my payment was submitted before the due date. The balance shown on my statement is incorrect.,Company has responded to the consumer and the CFPB and chooses not to provide a public response,Lakeside Credit Union,NC,227XX,,Consent provided,Postal mail,2024-02-18,Closed with explanation,Yes,,7101804
2025-10-28,Checking or savings account,Checking account,Closing an account,Can't close your account,"My account was closed without any explanation or notice, and I am unable to access the funds that remain in it.",Company has responded to the consumer and the CFPB and chooses not to provide a public response,ATLAS SERVICING CO.,PA,470XX,,Consent provided,Web,2025-04-23,Closed with explanation,Yes,,7101971
2023-11-08,Mortgage,Conventional home mortgage,Incorrect information on your report,Account information incorrect,They failed to verify the debt after I requested validation in writing. The investigation was closed without any evidence.,Company has responded to the consumer and the CFPB and chooses not to provide a public response,Brightline Bank N.A.,AZ,891XX,,Consent provided,Phone,2024-02-28,Closed with explanation,Yes,,7102023
2023-07-09,Debt collection,Credit card debt,Communication tactics,Frequent or repeated calls,I was transferred repeatedly between departments and the last agent hung up on me without resolving anything.,Company has responded to the consumer and the CFPB and chooses not to provide a public response,MERIDIAN RECOVERY GROUP,WA,564XX,,Consent provided,Referral,2025-06-06,Closed with explanation,Yes,,7102159
2024-04-22,Debt collection,Other debt,Took or threatened to take negative or legal action,,"They contacted my employer about my account, which I believe is an improper sharing of my information.",Company has responded to the consumer and the CFPB and chooses not to provide a public response,Cobblestone Mortgage Inc.,CO,373XX,,Consent provided,Postal mail,2025-11-21,Closed with explanation,Yes,,7102365
2025-11-06,Credit reporting or other personal consumer reports,Credit reporting,Fraud or scam,,A fake account appeared on my credit report. This account is not mine and I have placed a fraud alert with all three bureaus.,Company has responded to the consumer and the CFPB and chooses not to provide a public response,NORTHWIND FINANCIAL LLC,CA,646XX,,Consent provided,Web,2025-04-06,Untimely response,No,,7102418
2024-05-21,Credit card or prepaid card,General-purpose credit card or charge card,Fees or interest,Problem with fees,My payment was not applied to the correct loan and now the escrow account shows a shortage that I do not owe.,Company has responded to the consumer and the CFPB and chooses not to provide a public response,Lakeside Credit Union,TX,804XX,,Consent provided,Phone,2025-04-22,Closed with explanation,Yes,,7102671
2023-04-27,Checking or savings account,Checking account,Problem with fraud alerts or security freezes,,I am unable to get my credit report through the website. Every attempt to access my credit score fails with an error.,Company has responded to the consumer and the CFPB and chooses not to provide a public response,ATLAS SERVICING CO.,FL,132XX,,Consent provided,Referral,2024-07-09,Closed with explanation,Yes,,7102854
2023-10-23,Mortgage,Conventional home mortgage,Incorrect information on your report,Account information incorrect,My mortgage application has been delayed for months. Each time I call they ask for the same documents again.,Company has responded to the consumer and the CFPB and chooses not to provide a public response,Brightline Bank N.A.,NY,422XX,,Consent provided,Postal mail,2023-11-16,Closed with explanation,Yes,,7102904
2025-08-05,Debt collection,Credit card debt,Communication tactics,Frequent or repeated calls,Customer service gave me three conflicting answers about the same question. There has been no response to my written complaint.,Company has responded to the consumer and the CFPB and chooses not to provide a public response,MERIDIAN RECOVERY GROUP,IL,371XX,,Consent provided,Web,2023-04-24,Closed with explanation,Yes,,7103123
2025-05-24,Debt collection,Other debt,Took or threatened to take negative or legal action,,This reporting error violates the FCRA and I have asked for correction twice with no result. I may contact an attorney.,Company has responded to the consumer and the CFPB and chooses not to provide a public response,Cobblestone Mortgage Inc.,OH,698XX,,Consent provided,Phone,2024-10-13,Closed with explanation,Yes,,7103427
2023-03-17,Credit reporting or other personal consumer reports,Credit reporting,Fraud or scam,,My online profile was hacked and the attacker changed my mailing address. I reported the account takeover but nothing has been corrected.,Company has responded to the consumer and the CFPB and chooses not to provide a public response,NORTHWIND FINANCIAL LLC,GA,605XX,,Consent provided,Referral,2023-01-28,Closed with explanation,No,,7103629
2023-11-06,Credit card or prepaid card,General-purpose credit card or charge card,Fees or interest,Problem with fees,I was overcharged interest on my statement and the refund I was promised was never issued to my account.,Company has responded to the consumer and the CFPB and chooses not to provide a public response,Lakeside Credit Union,NC,911XX,,Consent provided,Postal mail,2025-07-20,Closed with explanation,Yes,,7103702
2024-07-20,Checking or savings account,Checking account,Closing an account,Can't close your account,The replacement card they sent is not working at any terminal. I have been unable to use the card since it arrived.,Company has responded to the consumer and the CFPB and chooses not to provide a public response,ATLAS SERVICING CO.,PA,579XX,,Consent provided,Web,2025-05-18,Closed with explanation,Yes,,7103751
2025-12-04,Mortgage,Conventional home mortgage,"Loan modification,collection,foreclosure",,The investigation into the incorrect information on my report was incomplete and no proof was ever provided to me.,Company has responded to the consumer and the CFPB and chooses not to provide a public response,Brightline Bank N.A.,AZ,798XX,,Consent provided,Phone,2025-05-25,Closed with explanation,No,,7103773
2024-02-10,Debt collection,Credit card debt,Communication tactics,Frequent or repeated calls,The representative was rude and refused to escalate my issue. I waited on hold for over an hour before being disconnected.,Company has responded to the consumer and the CFPB and chooses not to provide a public response,MERIDIAN RECOVERY GROUP,WA,545XX,,Consent provided,Referral,2023-08-01,Closed with explanation,Yes,,7104118
2025-05-17,Debt collection,Other debt,Took or threatened to take negative or legal action,,The servicer started foreclosure proceedings while my loan modification request was still under review.,Company has responded to the consumer and the CFPB and chooses not to provide a public response,Cobblestone Mortgage Inc.,CO,880XX,,Consent provided,Postal mail,2023-09-04,Closed with explanation,Yes,,7104504
2024-11-17,Credit reporting or other personal consumer reports,Credit reporting,Fraud or scam,,There is a fraudulent inquiry on my report from a company I never contacted. I am asking for a security freeze on my file.,Company has responded to the consumer and the CFPB and chooses not to provide a public response,NORTHWIND FINANCIAL LLC,CA,723XX,,Consent provided,Web,2023-03-12,Untimely response,No,,7104841
2025-09-01,Credit card or prepaid card,General-purpose credit card or charge card,Fees or interest,Problem with fees,I dispute the fees on my latest statement. The amount charged does not match the terms I agreed to when I opened the account.,Company has responded to the consumer and the CFPB and chooses not to provide a public response,Lakeside Credit Union,TX,713XX,,Consent provided,Phone,2024-08-01,Closed with explanation,Yes,,7104940
2024-05-08,Checking or savings account,Checking account,Closing an account,Can't close your account,I tried to open an account and the application was blocked with no reason given. Nobody can tell me how to manage this.,Company has responded to the consumer and the CFPB and chooses not to provide a public response,ATLAS SERVICING CO.,FL,159XX,,Consent provided,Referral,2023-10-03,Closed with explanation,Yes,,7105014
2025-08-27,Mortgage,Conventional home mortgage,Incorrect information on your report,Account information incorrect,I sent proof of payment as part of my refinance application and the processing has stalled with no status update.,Company has responded to the consumer and the CFPB and chooses not to provide a public response,Brightline Bank N.A.,NY,170XX,,Consent provided,Postal mail,2025-03-05,Closed with explanation,Yes,,7105074
2024-09-06,Debt collection,Credit card debt,Threatened to contact someone or share information improperly,,They ignored my complaint entirely. I have never received any written communication from a representative despite repeated requests.,Company has responded to the consumer and the CFPB and chooses not to provide a public response,MERIDIAN RECOVERY GROUP,IL,371XX,,Consent provided,Web,2025-10-14,Untimely response,Yes,,7105428
2025-12-23,Debt collection,Other debt,Took or threatened to take negative or legal action,,They threatened garnishment of my wages for an account that was already discharged in bankruptcy.,Company has responded to the consumer and the CFPB and chooses not to provide a public response,Cobblestone Mortgage Inc.,OH,305XX,,Consent provided,Phone,2025-05-13,Closed with explanation,Yes,,7105553
2025-06-15,Credit reporting or other personal consumer reports,Credit reporting,Fraud or scam,,Someone opened an account in my name without my permission and I never applied for it. This is identity theft and I want the account removed.,Company has responded to the consumer and the CFPB and chooses not to provide a public response,NORTHWIND FINANCIAL LLC,GA,629XX,Older American,Consent provided,Referral,2024-02-08,Closed with explanation,No,,7105913
2023-06-01,Credit card or prepaid card,General-purpose credit card or charge card,Fees or interest,Problem with fees,I was charged twice for the same monthly payment and the duplicate charge has not been refunded after several weeks.,Company has responded to the consumer and the CFPB and chooses not to provide a public response,Lakeside Credit Union,NC,702XX,,Consent provided,Postal mail,2025-04-19,Closed with explanation,Yes,,7106045
2023-02-23,Checking or savings account,Checking account,Closing an account,Can't close your account,I cannot log in to my online account. The password reset link never arrives and I am locked out of my own records.,Company has responded to the consumer and the CFPB and chooses not to provide a public response,ATLAS SERVICING CO.,PA,746XX,,Consent provided,Web,2023-04-03,Closed with explanation,Yes,,7106174
2024-02-17,Mortgage,Conventional home mortgage,Incorrect information on your report,Account information incorrect,I submitted the same paperwork three times and they still claim the documents were never received for verification.,Company has responded to the consumer and the CFPB and chooses not to provide a public response,Brightline Bank N.A.,AZ,343XX,,Consent provided,Phone,2024-11-16,Closed with explanation,Yes,,7106207
2025-03-24,Debt collection,Credit card debt,Communication tactics,Frequent or repeated calls,No one has called me back after four messages. The representative promised a supervisor would follow up and nobody did.,Company has responded to the consumer and the CFPB and chooses not to provide a public response,MERIDIAN RECOVERY GROUP,WA,684XX,,Consent provided,Referral,2025-08-08,Closed with explanation,Yes,,7106333
2024-04-04,Debt collection,Other debt,Took or threatened to take negative or legal action,,The collector threatened legal action and said they would take me to court over a debt that I do not owe.,Company has responded to the consumer and the CFPB and chooses not to provide a public response,Cobblestone Mortgage Inc.,CO,199XX,Older American,Consent provided,Postal mail,2025-07-12,Closed with explanation,Yes,,7106592
2024-08-28,Credit reporting or other personal consumer reports,Credit reporting,Fraud or scam,,I found an unauthorized transaction on my statement for a purchase I did not make. I believe my card was stolen and used fraudulently.,Company has responded to the consumer and the CFPB and chooses not to provide a public response,NORTHWIND FINANCIAL LLC,CA,846XX,,Consent provided,Web,2023-11-21,Untimely response,No,,7106825
2023-01-13,Credit card or prepaid card,General-purpose credit card or charge card,Fees or interest,Problem with fees,They added a late fee even though my payment was submitted before the due date. The balance shown on my statement is incorrect.,Company has responded to the consumer and the CFPB and chooses not to provide a public response,Lakeside Credit Union,TX,845XX,,Consent provided,Phone,2024-02-08,Closed with explanation,Yes,,7107172
2023-09-15,Checking or savings account,Checking account,Closing an account,Can't close your account,"My account was closed without any explanation or notice, and I am unable to access the funds that remain in it.",Company has responded to the consumer and the CFPB and chooses not to provide a public response,ATLAS SERVICING CO.,FL,243XX,,Consent provided,Referral,2024-03-09,Closed with explanation,Yes,,7107287
2023-02-15,Mortgage,Conventional home mortgage,Incorrect information on your report,Account information incorrect,They failed to verify the debt after I requested validation in writing. The investigation was closed without any evidence.,Company has responded to the consumer and the CFPB and chooses not to provide a public response,Brightline Bank N.A.,NY,927XX,,Consent provided,Postal mail,2025-02-02,Closed with explanation,Yes,,7107540
2025-01-03,Debt collection,Credit card debt,Communication tactics,Frequent or repeated calls,I was transferred repeatedly between departments and the last agent hung up on me without resolving anything.,Company has responded to the consumer and the CFPB and chooses not to provide a public response,MERIDIAN RECOVERY GROUP,IL,871XX,,Consent provided,Web,2023-03-14,Closed with explanation,Yes,,7107890
2024-04-28,Debt collection,Other debt,Took or threatened to take negative or legal action,,"They contacted my employer about my account, which I believe is an improper sharing of my information.",Company has responded to the consumer and the CFPB and chooses not to provide a public response,Cobblestone Mortgage Inc.,OH,510XX,,Consent provided,Phone,2023-03-13,Closed with explanation,Yes,,7108155
2024-05-26,Credit reporting or other personal consumer reports,Credit reporting,Fraud or scam,,A fake account appeared on my credit report. This account is not mine and I have placed a fraud alert with all three bureaus.,Company has responded to the consumer and the CFPB and chooses not to provide a public response,NORTHWIND FINANCIAL LLC,GA,903XX,,Consent provided,Referral,2024-05-14,Closed with explanation,No,,7108173
2025-09-22,Credit card or prepaid card,General-purpose credit card or charge card,Fees or interest,Problem with fees,My payment was not applied to the correct loan and now the escrow account shows a shortage that I do not owe.,Company has responded to the consumer and the CFPB and chooses not to provide a public response,Lakeside Credit Union,NC,835XX,,Consent provided,Postal mail,2024-03-07,Closed with explanation,Yes,,7108546
2023-01-19,Checking or savings account,Checking account,Closing an account,Can't close your account,I am unable to get my credit report through the website. Every attempt to access my credit score fails with an error.,Company has responded to the consumer and the CFPB and chooses not to provide a public response,ATLAS SERVICING CO.,PA,853XX,,Consent provided,Web,2025-01-24,Closed with explanation,Yes,,7108714
2023-01-19,Mortgage,Conventional home mortgage,Incorrect information on your report,Account information incorrect,My mortgage application has been delayed for months. Each time I call they ask for the same documents again.,Company has responded to the consumer and the CFPB and chooses not to provide a public response,Brightline Bank N.A.,AZ,588XX,,Consent provided,Phone,2025-09-06,Closed with explanation,Yes,,7108891
2025-02-28,Debt collection,Credit card debt,Communication tactics,Frequent or repeated calls,Customer service gave me three conflicting answers about the same question. There has been no response to my written complaint.,Company has responded to the consumer and the CFPB and chooses not to provide a public response,MERIDIAN RECOVERY GROUP,WA,290XX,,Consent provided,Referral,2023-10-03,Closed with explanation,Yes,,7108937
2023-07-04,Debt collection,Other debt,Took or threatened to take negative or legal action,,This reporting error violates the FCRA and I have asked for correction twice with no result. I may contact an attorney.,Company has responded to the consumer and the CFPB and chooses not to provide a public response,Cobblestone Mortgage Inc.,CO,683XX,,Consent provided,Postal mail,2023-10-20,Closed with explanation,Yes,,7109299
2025-02-14,Credit reporting or other personal consumer reports,Credit reporting,Fraud or scam,,My online profile was hacked and the attacker changed my mailing address. I reported the account takeover but nothing has been corrected.,Company has responded to the consumer and the CFPB and chooses not to provide a public response,NORTHWIND FINANCIAL LLC,CA,773XX,,Consent provided,Web,2025-10-17,Untimely response,No,,7109336
2024-04-22,Credit card or prepaid card,General-purpose credit card or charge card,Unauthorized transactions or other transaction problem,,I was overcharged interest on my statement and the refund I was promised was never issued to my account.,Company has responded to the consumer and the CFPB and chooses not to provide a public response,Lakeside Credit Union,TX,833XX,,Consent provided,Phone,2024-04-09,Closed with explanation,Yes,,7109514
2023-11-21,Checking or savings account,Checking account,Closing an account,Can't close your account,The replacement card they sent is not working at any terminal. I have been unable to use the card since it arrived.,Company has responded to the consumer and the CFPB and chooses not to provide a public response,ATLAS SERVICING CO.,FL,407XX,,Consent provided,Referral,2024-06-25,Closed with explanation,Yes,,7109733
2023-08-20,Mortgage,Conventional home mortgage,Incorrect information on your report,Account information incorrect,The investigation into the incorrect information on my report was incomplete and no proof was ever provided to me.,Company has responded to the consumer and the CFPB and chooses not to provide a public response,Brightline Bank N.A.,NY,676XX,,Consent provided,Postal mail,2023-02-18,Closed with explanation,Yes,,7109787
2025-05-05,Debt collection,Credit card debt,Communication tactics,Frequent or repeated calls,The representative was rude and refused to escalate my issue. I waited on hold for over an hour before being disconnected.,Company has responded to the consumer and the CFPB and chooses not to provide a public response,MERIDIAN RECOVERY GROUP,IL,457XX,,Consent provided,Web,2023-04-12,Closed with explanation,Yes,,7109913
2023-08-27,Debt collection,Other debt,Took or threatened to take negative or legal action,,The servicer started foreclosure proceedings while my loan modification request was still under review.,Company has responded to the consumer and the CFPB and chooses not to provide a public response,Cobblestone Mortgage Inc.,OH,656XX,,Consent provided,Phone,2025-05-20,Closed with explanation,Yes,,7110075
2025-01-22,Credit reporting or other personal consumer reports,Credit reporting,Fraud or scam,,There is a fraudulent inquiry on my report from a company I never contacted. I am asking for a security freeze on my file.,Company has responded to the consumer and the CFPB and chooses not to provide a public response,NORTHWIND FINANCIAL LLC,GA,936XX,,Consent provided,Referral,2025-05-22,Closed with explanation,No,,7110426
2023-05-04,Credit card or prepaid card,General-purpose credit card or charge card,Fees or interest,Problem with fees,I dispute the fees on my latest statement. The amount charged does not match the terms I agreed to when I opened the account.,Company has responded to the consumer and the CFPB and chooses not to provide a public response,Lakeside Credit Union,NC,209XX,,Consent provided,Postal mail,2025-09-05,Closed with explanation,Yes,,7110496
2024-10-07,Checking or savings account,Checking account,Problem with fraud alerts or security freezes,,I tried to open an account and the application was blocked with no reason given. Nobody can tell me how to manage this.,Company has responded to the consumer and the CFPB and chooses not to provide a public response,ATLAS SERVICING CO.,PA,834XX,,Consent provided,Web,2024-04-22,Untimely response,Yes,,7110652
2024-09-16,Mortgage,Conventional home mortgage,Incorrect information on your report,Account information incorrect,I sent proof of payment as part of my refinance application and the processing has stalled with no status update.,Company has responded to the consumer and the CFPB and chooses not to provide a public response,Brightline Bank N.A.,AZ,357XX,,Consent provided,Phone,2023-02-21,Closed with explanation,Yes,,7110993
2024-01-01,Debt collection,Credit card debt,Communication tactics,Frequent or repeated calls,They ignored my complaint entirely. I have never received any written communication from a representative despite repeated requests.,Company has responded to the consumer and the CFPB and chooses not to provide a public response,MERIDIAN RECOVERY GROUP,WA,441XX,,Consent provided,Referral,2023-11-09,Closed with explanation,Yes,,7111226
2025-08-18,Debt collection,Other debt,Took or threatened to take negative or legal action,,They threatened garnishment of my wages for an account that was already discharged in bankruptcy.,Company has responded to the consumer and the CFPB and chooses not to provide a public response,Cobblestone Mortgage Inc.,CO,822XX,,Consent provided,Postal mail,2024-09-01,Closed with explanation,Yes,,7111325
2023-12-05,Credit reporting or other personal consumer reports,Credit reporting,Fraud or scam,,Someone opened an account in my name without my permission and I never applied for it. This is identity theft and I want the account removed.,Company has responded to the consumer and the CFPB and chooses not to provide a public response,NORTHWIND FINANCIAL LLC,CA,658XX,Older American,Consent provided,Web,2023-06-19,Untimely response,No,,7111399
2023-07-05,Credit card or prepaid card,General-purpose credit card or charge card,Fees or interest,Problem with fees,I was charged twice for the same monthly payment and the duplicate charge has not been refunded after several weeks.,Company has responded to the consumer and the CFPB and chooses not to provide a public response,Lakeside Credit Union,TX,142XX,,Consent provided,Phone,2024-06-26,Closed with explanation,Yes,,7111698
2024-04-22,Checking or savings account,Checking account,Closing an account,Can't close your account,I cannot log in to my online account. The password reset link never arrives and I am locked out of my own records.,Company has responded to the consumer and the CFPB and chooses not to provide a public response,ATLAS SERVICING CO.,FL,355XX,,Consent provided,Referral,2025-02-12,Closed with explanation,Yes,,7111735
2024-10-24,Mortgage,Conventional home mortgage,"Loan modification,collection,foreclosure",,I submitted the same paperwork three times and they still claim the documents were never received for verification.,Company has responded to the consumer and the CFPB and chooses not to provide a public response,Brightline Bank N.A.,NY,258XX,,Consent provided,Postal mail,2023-03-26,Closed with explanation,No,,7112038
2024-01-06,Debt collection,Credit card debt,Communication tactics,Frequent or repeated calls,No one has called me back after four messages. The representative promised a supervisor would follow up and nobody did.,Company has responded to the consumer and the CFPB and chooses not to provide a public response,MERIDIAN RECOVERY GROUP,IL,854XX,,Consent provided,Web,2024-07-26,Closed with explanation,Yes,,7112145
2025-04-09,Debt collection,Other debt,Took or threatened to take negative or legal action,,The collector threatened legal action and said they would take me to court over a debt that I do not owe.,Company has responded to the consumer and the CFPB and chooses not to provide a public response,Cobblestone Mortgage Inc.,OH,263XX,Older American,Consent provided,Phone,2025-02-13,Closed with explanation,Yes,,7112504
2024-04-07,Credit reporting or other personal consumer reports,Credit reporting,Fraud or scam,,I found an unauthorized transaction on my statement for a purchase I did not make. I believe my card was stolen and used fraudulently.,Company has responded to the consumer and the CFPB and chooses not to provide a public response,NORTHWIND FINANCIAL LLC,GA,936XX,,Consent provided,Referral,2024-06-10,Closed with explanation,No,,7112540
2023-01-22,Credit card or prepaid card,General-purpose credit card or charge card,Fees or interest,Problem with fees,They added a late fee even though my payment was submitted before the due date. The balance shown on my statement is incorrect.,Company has responded to the consumer and the CFPB and chooses not to provide a public response,Lakeside Credit Union,NC,297XX,,Consent provided,Postal mail,2024-06-09,Closed with explanation,Yes,,7112673
2024-06-21,Checking or savings account,Checking account,Closing an account,Can't close your account,"My account was closed without any explanation or notice, and I am unable to access the funds that remain in it.",Company has responded to the consumer and the CFPB and chooses not to provide a public response,ATLAS SERVICING CO.,PA,621XX,,Consent provided,Web,2024-11-27,Closed with explanation,Yes,,7112725
2024-01-04,Mortgage,Conventional home mortgage,Incorrect information on your report,Account information incorrect,They failed to verify the debt after I requested validation in writing. The investigation was closed without any evidence.,Company has responded to the consumer and the CFPB and chooses not to provide a public response,Brightline Bank N.A.,AZ,998XX,,Consent provided,Phone,2024-03-19,Closed with explanation,Yes,,7113016
2023-02-20,Debt collection,Credit card debt,Threatened to contact someone or share information improperly,,I was transferred repeatedly between departments and the last agent hung up on me without resolving anything.,Company has responded to the consumer and the CFPB and chooses not to provide a public response,MERIDIAN RECOVERY GROUP,WA,544XX,Older American,Consent provided,Referral,2024-12-26,Closed with explanation,Yes,,7113168
2024-10-17,Debt collection,Other debt,Took or threatened to take negative or legal action,,"They contacted my employer about my account, which I believe is an improper sharing of my information.",Company has responded to the consumer and the CFPB and chooses not to provide a public response,Cobblestone Mortgage Inc.,CO,218XX,,Consent provided,Postal mail,2024-10-07,Closed with explanation,Yes,,7113345
2023-12-14,Credit reporting or other personal consumer reports,Credit reporting,Fraud or scam,,A fake account appeared on my credit report. This account is not mine and I have placed a fraud alert with all three bureaus.,Company has responded to the consumer and the CFPB and chooses not to provide a public response,NORTHWIND FINANCIAL LLC,CA,101XX,,Consent provided,Web,2025-09-22,Untimely response,No,,7113492
2025-12-22,Credit card or prepaid card,General-purpose credit card or charge card,Fees or interest,Problem with fees,My payment was not applied to the correct loan and now the escrow account shows a shortage that I do not owe.,Company has responded to the consumer and the CFPB and chooses not to provide a public response,Lakeside Credit Union,TX,301XX,,Consent provided,Phone,2024-07-03,Closed with explanation,Yes,,7113877
2024-10-11,Checking or savings account,Checking account,Closing an account,Can't close your account,I am unable to get my credit report through the website. Every attempt to access my credit score fails with an error.,Company has responded to the consumer and the CFPB and chooses not to provide a public response,ATLAS SERVICING CO.,FL,779XX,,Consent provided,Referral,2023-12-10,Closed with explanation,Yes,,7114234
2024-11-14,Mortgage,Conventional home mortgage,Incorrect information on your report,Account information incorrect,My mortgage application has been delayed for months. Each time I call they ask for the same documents again.,Company has responded to the consumer and the CFPB and chooses not to provide a public response,Brightline Bank N.A.,NY,434XX,,Consent provided,Postal mail,2024-12-10,Closed with explanation,Yes,,7114510
2023-04-14,Debt collection,Credit card debt,Communication tactics,Frequent or repeated calls,Customer service gave me three conflicting answers about the same question. There has been no response to my written complaint.,Company has responded to the consumer and the CFPB and chooses not to provide a public response,MERIDIAN RECOVERY GROUP,IL,780XX,,Consent provided,Web,2024-11-24,Closed with explanation,Yes,,7114810
2025-10-10,Debt collection,Other debt,Took or threatened to take negative or legal action,,This reporting error violates the FCRA and I have asked for correction twice with no result. I may contact an attorney.,Company has responded to the consumer and the CFPB and chooses not to provide a public response,Cobblestone Mortgage Inc.,OH,515XX,,Consent provided,Phone,2025-01-10,Closed with explanation,Yes,,7114916
2023-07-26,Credit reporting or other personal consumer reports,Credit reporting,Fraud or scam,,My online profile was hacked and the attacker changed my mailing address. I reported the account takeover but nothing has been corrected.,Company has responded to the consumer and the CFPB and chooses not to provide a public response,NORTHWIND FINANCIAL LLC,GA,693XX,,Consent provided,Referral,2025-11-11,Closed with explanation,No,,7115079
2024-08-22,Credit card or prepaid card,General-purpose credit card or charge card,Fees or interest,Problem with fees,I was overcharged interest on my statement and the refund I was promised was never issued to my account.,Company has responded to the consumer and the CFPB and chooses not to provide a public response,Lakeside Credit Union,NC,318XX,,Consent provided,Postal mail,2025-08-26,Closed with explanation,Yes,,7115334
2023-11-03,Checking or savings account,Checking account,Closing an account,Can't close your account,The replacement card they sent is not working at any terminal. I have been unable to use the card since it arrived.,Company has responded to the consumer and the CFPB and chooses not to provide a public response,ATLAS SERVICING CO.,PA,390XX,,Consent provided,Web,2025-11-21,Closed with explanation,Yes,,7115727
2024-02-27,Mortgage,Conventional home mortgage,Incorrect information on your report,Account information incorrect,The investigation into the incorrect information on my report was incomplete and no proof was ever provided to me.,Company has responded to the consumer and the CFPB and chooses not to provide a public response,Brightline Bank N.A.,AZ,869XX,,Consent provided,Phone,2023-11-10,Closed with explanation,Yes,,7116061
2023-03-01,Debt collection,Credit card debt,Communication tactics,Frequent or repeated calls,The representative was rude and refused to escalate my issue. I waited on hold for over an hour before being disconnected.,Company has responded to the consumer and the CFPB and chooses not to provide a public response,MERIDIAN RECOVERY GROUP,WA,147XX,,Consent provided,Referral,2023-08-20,Closed with explanation,Yes,,7116193
2024-07-21,Debt collection,Other debt,Took or threatened to take negative or legal action,,The servicer started foreclosure proceedings while my loan modification request was still under review.,Company has responded to the consumer and the CFPB and chooses not to provide a public response,Cobblestone Mortgage Inc.,CO,689XX,,Consent provided,Postal mail,2023-12-23,Closed with explanation,Yes,,7116247
2024-07-08,Credit reporting or other personal consumer reports,Credit reporting,Fraud or scam,,There is a fraudulent inquiry on my report from a company I never contacted. I am asking for a security freeze on my file.,Company has responded to the consumer and the CFPB and chooses not to provide a public response,NORTHWIND FINANCIAL LLC,CA,251XX,,Consent provided,Web,2025-12-01,Untimely response,No,,7116460
2024-04-06,Credit card or prepaid card,General-purpose credit card or charge card,Fees or interest,Problem with fees,I dispute the fees on my latest statement. The amount charged does not match the terms I agreed to when I opened the account.,Company has responded to the consumer and the CFPB and chooses not to provide a public response,Lakeside Credit Union,TX,923XX,,Consent provided,Phone,2025-09-15,Closed with explanation,Yes,,7116531
2025-04-28,Checking or savings account,Checking account,Closing an account,Can't close your account,I tried to open an account and the application was blocked with no reason given. Nobody can tell me how to manage this.,Company has responded to the consumer and the CFPB and chooses not to provide a public response,ATLAS SERVICING CO.,FL,224XX,,Consent provided,Referral,2024-03-26,Closed with explanation,Yes,,7116573
2025-09-18,Mortgage,Conventional home mortgage,Incorrect information on your report,Account information incorrect,I sent proof of payment as part of my refinance application and the processing has stalled with no status update.,Company has responded to the consumer and the CFPB and chooses not to provide a public response,Brightline Bank N.A.,NY,709XX,,Consent provided,Postal mail,2024-08-20,Closed with explanation,Yes,,7116827
2025-07-27,Debt collection,Credit card debt,Communication tactics,Frequent or repeated calls,They ignored my complaint entirely. I have never received any written communication from a representative despite repeated requests.,Company has responded to the consumer and the CFPB and chooses not to provide a public response,MERIDIAN RECOVERY GROUP,IL,661XX,,Consent provided,Web,2024-03-24,Closed with explanation,Yes,,7117212
2024-05-25,Debt collection,Other debt,Took or threatened to take negative or legal action,,They threatened garnishment of my wages for an account that was already discharged in bankruptcy.,Company has responded to the consumer and the CFPB and chooses not to provide a public response,Cobblestone Mortgage Inc.,OH,353XX,,Consent provided,Phone,2025-05-25,Closed with explanation,Yes,,7117472
2024-11-08,Credit reporting or other personal consumer reports,Credit reporting,Fraud or scam,,Someone opened an account in my name without my permission and I never applied for it. This is identity theft and I want the account removed.,Company has responded to the consumer and the CFPB and chooses not to provide a public response,NORTHWIND FINANCIAL LLC,GA,381XX,Older American,Consent provided,Referral,2024-02-23,Closed with explanation,No,,7117755
2023-05-11,Credit card or prepaid card,General-purpose credit card or charge card,Unauthorized transactions or other transaction problem,,I was charged twice for the same monthly payment and the duplicate charge has not been refunded after several weeks.,Company has responded to the consumer and the CFPB and chooses not to provide a public response,Lakeside Credit Union,NC,427XX,,Consent provided,Postal mail,2025-02-05,Closed with explanation,Yes,,7117918
2023-07-23,Checking or savings account,Checking account,Closing an account,Can't close your account,I cannot log in to my online account. The password reset link never arrives and I am locked out of my own records.,Company has responded to the consumer and the CFPB and chooses not to provide a public response,ATLAS SERVICING CO.,PA,256XX,,Consent provided,Web,2025-04-03,Closed with explanation,Yes,,7118012
2024-06-18,Mortgage,Conventional home mortgage,Incorrect information on your report,Account information incorrect,I submitted the same paperwork three times and they still claim the documents were never received for verification.,Company has responded to the consumer and the CFPB and chooses not to provide a public response,Brightline Bank N.A.,AZ,577XX,,Consent provided,Phone,2024-01-07,Closed with explanation,Yes,,7118241
2024-10-23,Debt collection,Credit card debt,Communication tactics,Frequent or repeated calls,No one has called me back after four messages. The representative promised a supervisor would follow up and nobody did.,Company has responded to the consumer and the CFPB and chooses not to provide a public response,MERIDIAN RECOVERY GROUP,WA,120XX,,Consent provided,Referral,2025-07-16,Closed with explanation,Yes,,7118473
2024-05-25,Debt collection,Other debt,Took or threatened to take negative or legal action,,The collector threatened legal action and said they would take me to court over a debt that I do not owe.,Company has responded to the consumer and the CFPB and chooses not to provide a public response,Cobblestone Mortgage Inc.,CO,499XX,Older American,Consent provided,Postal mail,2024-09-24,Closed with explanation,Yes,,7118493
2025-10-08,Credit reporting or other personal consumer reports,Credit reporting,Fraud or scam,,I found an unauthorized transaction on my statement for a purchase I did not make. I believe my card was stolen and used fraudulently.,Company has responded to the consumer and the CFPB and chooses not to provide a public response,NORTHWIND FINANCIAL LLC,CA,599XX,,Consent provided,Web,2023-05-14,Untimely response,No,,7118886
2023-07-11,Credit card or prepaid card,General-purpose credit card or charge card,Fees or interest,Problem with fees,They added a late fee even though my payment was submitted before the due date. The balance shown on my statement is incorrect.,Company has responded to the consumer and the CFPB and chooses not to provide a public response,Lakeside Credit Union,TX,784XX,,Consent provided,Phone,2025-07-24,Closed with explanation,Yes,,7119151
2024-03-20,Checking or savings account,Checking account,Problem with fraud alerts or security freezes,,"My account was closed without any explanation or notice, and I am unable to access the funds that remain in it.",Company has responded to the consumer and the CFPB and chooses not to provide a public response,ATLAS SERVICING CO.,FL,646XX,,Consent provided,Referral,2023-07-19,Closed with explanation,Yes,,7119252
2025-01-03,Mortgage,Conventional home mortgage,Incorrect information on your report,Account information incorrect,They failed to verify the debt after I requested validation in writing. The investigation was closed without any evidence.,Company has responded to the consumer and the CFPB and chooses not to provide a public response,Brightline Bank N.A.,NY,758XX,,Consent provided,Postal mail,2024-03-28,Closed with explanation,Yes,,7119557
2023-01-09,Debt collection,Credit card debt,Communication tactics,Frequent or repeated calls,I was transferred repeatedly between departments and the last agent hung up on me without resolving anything.,Company has responded to the consumer and the CFPB and chooses not to provide a public response,MERIDIAN RECOVERY GROUP,IL,488XX,,Consent provided,Web,2024-04-15,Closed with explanation,Yes,,7119810
2024-07-09,Debt collection,Other debt,Took or threatened to take negative or legal action,,"They contacted my employer about my account, which I believe is an improper sharing of my information.",Company has responded to the consumer and the CFPB and chooses not to provide a public response,Cobblestone Mortgage Inc.,OH,870XX,,Consent provided,Phone,2024-05-27,Closed with explanation,Yes,,7119994
2024-01-24,Credit reporting or other personal consumer reports,Credit reporting,Fraud or scam,,A fake account appeared on my credit report. This account is not mine and I have placed a fraud alert with all three bureaus.,Company has responded to the consumer and the CFPB and chooses not to provide a public response,NORTHWIND FINANCIAL LLC,GA,652XX,,Consent provided,Referral,2023-06-08,Closed with explanation,No,,7120052
2023-11-02,Credit card or prepaid card,General-purpose credit card or charge card,Fees or interest,Problem with fees,My payment was not applied to the correct loan and now the escrow account shows a shortage that I do not owe.,Company has responded to the consumer and the CFPB and chooses not to provide a public response,Lakeside Credit Union,NC,872XX,,Consent provided,Postal mail,2023-04-07,Closed with explanation,Yes,,7120401
2025-03-08,Checking or savings account,Checking account,Closing an account,Can't close your account,I am unable to get my credit report through the website. Every attempt to access my credit score fails with an error.,Company has responded to the consumer and the CFPB and chooses not to provide a public response,ATLAS SERVICING CO.,PA,229XX,,Consent provided,Web,2024-11-04,Closed with explanation,Yes,,7120428
2023-08-23,Mortgage,Conventional home mortgage,"Loan modification,collection,foreclosure",,My mortgage application has been delayed for months. Each time I call they ask for the same documents again.,Company has responded to the consumer and the CFPB and chooses not to provide a public response,Brightline Bank N.A.,AZ,362XX,Older American,Consent provided,Phone,2024-03-20,Closed with explanation,No,,7120733
2025-12-04,Debt collection,Credit card debt,Communication tactics,Frequent or repeated calls,Customer service gave me three conflicting answers about the same question. There has been no response to my written complaint.,Company has responded to the consumer and the CFPB and chooses not to provide a public response,MERIDIAN RECOVERY GROUP,WA,896XX,,Consent provided,Referral,2023-05-04,Closed with explanation,Yes,,7121060
2023-05-19,Debt collection,Other debt,Took or threatened to take negative or legal action,,This reporting error violates the FCRA and I have asked for correction twice with no result. I may contact an attorney.,Company has responded to the consumer and the CFPB and chooses not to provide a public response,Cobblestone Mortgage Inc.,CO,793XX,,Consent provided,Postal mail,2024-07-23,Closed with explanation,Yes,,7121373
2023-10-23,Credit reporting or other personal consumer reports,Credit reporting,Fraud or scam,,My online profile was hacked and the attacker changed my mailing address. I reported the account takeover but nothing has been corrected.,Company has responded to the consumer and the CFPB and chooses not to provide a public response,NORTHWIND FINANCIAL LLC,CA,950XX,,Consent provided,Web,2025-04-04,Untimely response,No,,7121491
2024-11-20,Credit card or prepaid card,General-purpose credit card or charge card,Fees or interest,Problem with fees,I was overcharged interest on my statement and the refund I was promised was never issued to my account.,Company has responded to the consumer and the CFPB and chooses not to provide a public response,Lakeside Credit Union,TX,924XX,,Consent provided,Phone,2023-10-26,Closed with explanation,Yes,,7121864
2024-09-14,Checking or savings account,Checking account,Closing an account,Can't close your account,The replacement card they sent is not working at any terminal. I have been unable to use the card since it arrived.,Company has responded to the consumer and the CFPB and chooses not to provide a public response,ATLAS SERVICING CO.,FL,777XX,,Consent provided,Referral,2024-02-17,Closed with explanation,Yes,,7121902
2024-01-28,Mortgage,Conventional home mortgage,Incorrect information on your report,Account information incorrect,The investigation into the incorrect information on my report was incomplete and no proof was ever provided to me.,Company has responded to the consumer and the CFPB and chooses not to provide a public response,Brightline Bank N.A.,NY,530XX,,Consent provided,Postal mail,2024-02-14,Closed with explanation,Yes,,7122250
2025-08-23,Debt collection,Credit card debt,Threatened to contact someone or share information improperly,,The representative was rude and refused to escalate my issue. I waited on hold for over an hour before being disconnected.,Company has responded to the consumer and the CFPB and chooses not to provide a public response,MERIDIAN RECOVERY GROUP,IL,256XX,,Consent provided,Web,2024-03-24,Untimely response,Yes,,7122452
2025-05-20,Debt collection,Other debt,Took or threatened to take negative or legal action,,The servicer started foreclosure proceedings while my loan modification request was still under review.,Company has responded to the consumer and the CFPB and chooses not to provide a public response,Cobblestone Mortgage Inc.,OH,927XX,,Consent provided,Phone,2025-08-15,Closed with explanation,Yes,,7122736
2025-10-09,Credit reporting or other personal consumer reports,Credit reporting,Fraud or scam,,There is a fraudulent inquiry on my report from a company I never contacted. I am asking for a security freeze on my file.,Company has responded to the consumer and the CFPB and chooses not to provide a public response,NORTHWIND FINANCIAL LLC,GA,430XX,,Consent provided,Referral,2023-02-09,Closed with explanation,No,,7122976
2023-08-19,Credit card or prepaid card,General-purpose credit card or charge card,Fees or interest,Problem with fees,I dispute the fees on my latest statement. The amount charged does not match the terms I agreed to when I opened the account.,Company has responded to the consumer and the CFPB and chooses not to provide a public response,Lakeside Credit Union,NC,724XX,,Consent provided,Postal mail,2025-07-11,Closed with explanation,Yes,,7123223
2024-06-06,Checking or savings account,Checking account,Closing an account,Can't close your account,I tried to open an account and the application was blocked with no reason given. Nobody can tell me how to manage this.,Company has responded to the consumer and the CFPB and chooses not to provide a public response,ATLAS SERVICING CO.,PA,599XX,,Consent provided,Web,2023-06-26,Closed with explanation,Yes,,7123254
2024-05-20,Mortgage,Conventional home mortgage,Incorrect information on your report,Account information incorrect,I sent proof of payment as part of my refinance application and the processing has stalled with no status update.,Company has responded to the consumer and the CFPB and chooses not to provide a public response,Brightline Bank N.A.,AZ,818XX,,Consent provided,Phone,2024-09-01,Closed with explanation,Yes,,7123403
2023-02-08,Debt collection,Credit card debt,Communication tactics,Frequent or repeated calls,They ignored my complaint entirely. I have never received any written communication from a representative despite repeated requests.,Company has responded to the consumer and the CFPB and chooses not to provide a public response,MERIDIAN RECOVERY GROUP,WA,837XX,,Consent provided,Referral,2024-08-18,Closed with explanation,Yes,,7123684
2025-08-21,Debt collection,Other debt,Took or threatened to take negative or legal action,,They threatened garnishment of my wages for an account that was already discharged in bankruptcy.,Company has responded to the consumer and the CFPB and chooses not to provide a public response,Cobblestone Mortgage Inc.,CO,828XX,,Consent provided,Postal mail,2024-08-26,Closed with explanation,Yes,,7123824
