text,label
"Not perfect, but I enjoyed it a lot.",1
"It's not great, yet it's surprisingly fun.",1
"I expected to hate it, but it won me over.",1
"Slow start, but the ending is worth it.",1
"It has issues, but overall it's a good experience.",1
Not bad at all -- actually pretty solid.,1
"The story isn't new, but it's told well.",1
"I didn't think I'd like it, but I do.",1
"It's messy, but somehow it works.",1
"The acting is uneven, but the characters are lovable.",1
Great job wasting two hours.,0
Not good -- just noisy and dull.,0
"It's not terrible, but I wouldn't recommend it.",0
I kept waiting for it to get better. It didn't.,0
The trailer was better than the movie.,0
"It tries to be funny, but it isn't.",0
"Good cast, bad movie.",0
"It looks good, but that's all it has.",0
"I wanted to like it, but it's a mess.",0
I'm glad it ended.,0
