run,n_examples,em,f1,sp_em,sp_f1,joint_em,joint_f1,prec,recall,sp_prec,sp_recall,joint_prec,joint_recall,source_file
v39_final,7405,0.4677,0.5952,0.2694,0.5909,0.1878,0.4317,0.6139,0.6103,0.668,0.5637,0.495,0.4252,full_dev_v39.json
v22_sonnet,250,0.62,0.7905,0.52,0.8274,0.376,0.6853,0.8043,0.808,0.8619,0.8255,0.7268,0.699,metrics_v22_sonnet_100.json
v26_qwen_local,250,0.536,0.6754,0.284,0.6593,0.184,0.4811,0.7031,0.6757,0.756,0.6193,0.571,0.4537,metrics_v26_qwen_local_250.json
v25_specialist,250,0.44,0.5331,0.364,0.6322,0.268,0.4525,0.5467,0.5324,0.6892,0.6107,0.4923,0.4401,metrics_v25_specialist_250.json
v23_specialist,100,0.57,0.6909,0.49,0.8175,0.32,0.5919,0.7047,0.6995,0.8833,0.7963,0.6333,0.5986,metrics_v23_specialist_100.json
v21_haiku,100,0.48,0.585,0.46,0.7675,0.25,0.4782,0.5897,0.5967,0.7962,0.7688,0.5023,0.4798,metrics_v21_haiku_100.json
v17_haiku,100,0.41,0.5153,0.39,0.7337,0.22,0.4405,0.5214,0.537,0.7897,0.7197,0.4734,0.4516,metrics_v17_haiku_100.json
v7_qwen,100,0.41,0.493,0.26,0.6449,0.18,0.3756,0.5052,0.4992,0.7725,0.5942,0.4281,0.3665,metrics_v7_qwen_100.json
v2,100,0.38,0.4936,0.04,0.378,0.02,0.2536,0.4934,0.5158,0.585,0.294,0.385,0.2074,metrics_v2_100.json
100,100,0.29,0.3819,0.05,0.3735,0.01,0.1964,0.3728,0.445,0.5417,0.301,0.278,0.181,metrics_100.json
v22_sonnet,25,0.6,0.8552,0.64,0.9156,0.36,0.7865,0.8527,0.9027,0.9667,0.8987,0.8193,0.8247,metrics_v22_sonnet_25.json
v26_specialist_swap,25,0.68,0.7981,0.4,0.7847,0.28,0.6591,0.8267,0.7827,0.8533,0.7707,0.7422,0.63,metrics_v26_specialist_swap_25.json
v24_qwen25,25,0.6,0.7252,0.36,0.7919,0.24,0.6208,0.75,0.714,0.85,0.7673,0.6933,0.5847,metrics_v24_qwen25_25.json
v20_specialist,25,0.48,0.5189,0.56,0.8396,0.24,0.4458,0.516,0.5333,0.862,0.8453,0.4447,0.4787,metrics_v20_specialist_25.json
v17_haiku,25,0.4,0.4443,0.48,0.7822,0.24,0.4204,0.45,0.44,0.84,0.7687,0.43,0.4187,metrics_v17_haiku_25.json
v16_qwen25,25,0.44,0.4743,0.28,0.6547,0.2,0.3611,0.48,0.47,0.7333,0.626,0.3733,0.3617,metrics_v16_qwen25_25.json
v5,25,0.48,0.5467,0.16,0.5429,0.16,0.3524,0.5373,0.5633,0.8,0.4393,0.4733,0.3071,metrics_v5_25.json
v24_llama31,25,0.36,0.4371,0.36,0.7697,0.16,0.3385,0.48,0.4193,0.8493,0.7427,0.4027,0.3273,metrics_v24_llama31_25.json
v11_gemma2,25,0.36,0.3829,0.32,0.6493,0.16,0.3149,0.376,0.4,0.7867,0.586,0.3427,0.3093,metrics_v11_gemma2_25.json
v7_qwen,25,0.36,0.4171,0.24,0.6253,0.2,0.311,0.416,0.43,0.7667,0.5727,0.3107,0.3243,metrics_v7_qwen_25.json
v4,25,0.4,0.501,0.12,0.5375,0.12,0.3084,0.4933,0.5233,0.82,0.426,0.4133,0.2671,metrics_v4_25.json
v3,25,0.44,0.494,0.04,0.4162,0.04,0.2562,0.5,0.494,0.66,0.316,0.4,0.196,metrics_v3_25.json
v6,25,0.32,0.3882,0.16,0.595,0.12,0.2543,0.3738,0.4433,0.836,0.5127,0.3158,0.2421,metrics_v6_25.json
v24_minicpm,25,0.28,0.3531,0.12,0.5322,0.08,0.2489,0.3733,0.346,0.6267,0.4793,0.3133,0.2203,metrics_v24_minicpm_25.json
v8,25,0.32,0.3429,0.12,0.4903,0.04,0.1663,0.336,0.36,0.4947,0.5027,0.1507,0.2,metrics_v8_25.json
v22_sonnet,10,0.7,0.8905,0.7,0.9489,0.4,0.8394,0.9,0.94,0.9667,0.9467,0.8667,0.8867,metrics_v22_sonnet_10.json
v25_sonnet_refined,10,0.8,0.8571,0.7,0.8889,0.5,0.746,0.9,0.84,0.95,0.8633,0.85,0.7033,metrics_v25_sonnet_refined_10.json
v18_qwen25,10,0.7,0.775,0.5,0.81,0.3,0.635,0.8,0.76,0.8833,0.79,0.6833,0.6167,metrics_v18_qwen25_10.json
v19_specialist,10,0.6,0.6667,0.6,0.92,0.4,0.6267,0.675,0.66,0.9467,0.9133,0.655,0.6067,metrics_v19_specialist_10.json
v23_specialist,10,0.6,0.6571,0.6,0.8689,0.5,0.6071,0.7,0.64,0.95,0.83,0.65,0.59,metrics_v23_specialist_10.json
v26_specialist,10,0.5,0.6417,0.8,0.9389,0.3,0.5806,0.7,0.61,1.0,0.9133,0.7,0.5233,metrics_v26_specialist_10.json
v14,10,0.6,0.6,0.5,0.8267,0.3,0.51,0.6,0.6,0.9333,0.79,0.5333,0.5067,metrics_v14_10.json
v25_gemma,10,0.5,0.6238,0.5,0.83,0.2,0.4843,0.7,0.59,0.8667,0.8233,0.5667,0.4467,metrics_v25_gemma_10.json
v7_qwen,10,0.5,0.5,0.5,0.8217,0.4,0.475,0.5,0.5,0.95,0.76,0.5,0.46,metrics_v7_qwen_10.json
v17_haiku,10,0.5,0.5,0.5,0.8656,0.3,0.4689,0.5,0.5,0.9667,0.83,0.5,0.4467,metrics_v17_haiku_10.json
v18_haiku,10,0.5,0.5,0.6,0.92,0.3,0.46,0.5,0.5,0.9467,0.9133,0.48,0.4467,metrics_v18_haiku_10.json
v9_qwen35,10,0.5,0.5,0.3,0.535,0.3,0.455,0.5,0.5,0.5667,0.5267,0.5,0.4267,metrics_v9_qwen35_10.json
v11_gemma2,10,0.5,0.5,0.6,0.8367,0.3,0.43,0.5,0.5,0.9167,0.79,0.4667,0.4067,metrics_v11_gemma2_10.json
v13_qwen354b,10,0.5,0.5,0.3,0.52,0.2,0.42,0.5,0.5,0.5267,0.5267,0.4267,0.4267,metrics_v13_qwen354b_10.json
v5,10,0.5,0.6417,0.1,0.6205,0.1,0.4143,0.65,0.66,0.9,0.49,0.55,0.3567,metrics_v5_10.json
v4,10,0.5,0.575,0.3,0.6371,0.2,0.3905,0.6,0.56,0.8,0.5567,0.5,0.34,metrics_v4_10.json
v12_phi3,10,0.3,0.3667,0.2,0.7176,0.1,0.3376,0.35,0.4,0.7,0.7833,0.3,0.4,metrics_v12_phi3_10.json
v3,10,0.5,0.5,0.1,0.6071,0.0,0.3238,0.5,0.5,0.9,0.4733,0.5,0.24,metrics_v3_10.json
10,10,0.5,0.575,0.0,0.5371,0.0,0.3238,0.6,0.56,0.8,0.4067,0.5,0.24,metrics_10.json
v2,10,0.4,0.4,0.2,0.5738,0.0,0.2571,0.4,0.4,0.8,0.4733,0.4,0.19,metrics_v2_10.json
v10_chatqa,10,0.0,0.0267,0.0,0.3938,0.0,0.0,0.0154,0.1,0.44,0.4333,0.0,0.0,metrics_v10_chatqa_10.json
v17_haiku,5,0.4,0.4,0.4,0.8111,0.2,0.3778,0.4,0.4,1.0,0.7267,0.4,0.36,metrics_v17_haiku_5.json
v15_deepseek,5,0.4,0.4,0.4,0.7933,0.2,0.36,0.4,0.4,0.96,0.7267,0.36,0.36,metrics_v15_deepseek_5.json
v15_qwen25,5,0.4,0.4,0.4,0.7333,0.2,0.3333,0.4,0.4,0.85,0.6867,0.35,0.32,metrics_v15_qwen25_5.json
v2,5,0.4,0.55,0.0,0.481,0.0,0.2476,0.6,0.52,0.8,0.3467,0.4,0.18,metrics_v2_5.json
5,5,0.2,0.2286,0.2,0.6076,0.2,0.2258,0.2154,0.4,0.8,0.5133,0.2154,0.28,metrics_5.json
v6,5,0.2,0.35,0.2,0.5476,0.0,0.1143,0.4,0.32,0.8,0.4467,0.2,0.08,metrics_v6_5.json
